post_id,title,author,subreddit,score,upvote_ratio,num_comments,created_utc,url,subscribers,over_18,name,ups,author_premium,flair
13cyuch,"When the employee of a lobbying firm leaves to start working in government, the firm experiences a 36% revenue increase. This is because the lobbying firms are able to present those government connections as a premium service to existing clients.",smurfyjenkins,science,10016,0.98,213,2023-05-09 16:44:05,https://www.nowpublishers.com/article/Details/QJPS-21196,30049929,False,t3_13cyuch,10016,True,Social Science
13czb5j,it's a bit too difficult for me to draw,Brushy_Axolotl,ChatGPT,8011,0.97,720,2023-05-09 17:00:42,https://i.redd.it/gbd2go587uya1.jpg,1540596,False,t3_13czb5j,8011,False,Funny 
13czfdd,"New research finds a sexual double standard against male, but not female, promiscuity: When seeking casual encounters, women judge promiscuous men more harshly than men judge promiscuous women. A similar double standard wasn't found in long-term mating contexts.",HeinieKaboobler,science,3631,0.86,419,2023-05-09 17:04:37,https://www.psypost.org/2023/05/new-research-finds-a-sexual-double-standard-against-male-but-not-female-promiscuity-81932,30049929,False,t3_13czfdd,3631,False,Psychology
13dl0cd,"Microbes discovered that can digest plastics at low temperatures. Scientists from the Swiss Federal Institute WSL have found microbes that can do this at 15C, which could lead to a breakthrough in microbial recycling.",Wagamaga,science,2843,0.97,111,2023-05-10 09:08:37,https://www.eurekalert.org/news-releases/988366,30049929,False,t3_13dl0cd,2843,True,Biology
13d5ynq,Researchers working on Australia's Kangaroo Island accidentally discovered that a species of ants there have learned to play dead. The team says this is the first time in world history that a whole colony of ants has been recorded feigning death.,mtoddh,science,2091,0.98,50,2023-05-09 21:03:45,https://www.publish.csiro.au/ZO/ZO22042,30049929,False,t3_13d5ynq,2091,False,Animal Science
13dgl36,"What it's like ""Jailbreaking"" ChatGPT",JasonBoorneeeee,ChatGPT,2270,0.98,91,2023-05-10 04:50:46,https://v.redd.it/qpnsmzsvpxya1,1540596,False,t3_13dgl36,2270,False,Funny 
13cx4mz,New research finds that the brains of otherwise healthy military personnel who are exposed to explosions show an abnormal brain accumulation of amyloid-beta protein—a protein that plays a role in the development of Alzheimer's disease,HeinieKaboobler,science,1287,0.98,56,2023-05-09 15:52:22,https://press.rsna.org/timssnet/media/pressreleases/14_pr_target.cfm?ID=2433,30049929,False,t3_13cx4mz,1287,False,Neuroscience
13d6tz4,Legalization of recreational marijuana leads to a reduction in tobacco use and increase in marijuana use among adults. The increase in marijuana use is driven by greater marijuana initiation among prior non-users.,smurfyjenkins,science,976,0.94,71,2023-05-09 21:35:22,https://www.sciencedirect.com/science/article/abs/pii/S0167629623000334,30049929,False,t3_13d6tz4,976,True,Health
13d9sq9,Scientists have developed an AI tool that shows promise in detecting Parkinson’s disease years before symptoms start appearing,unsw,science,892,0.96,23,2023-05-09 23:29:48,https://newsroom.unsw.edu.au/news/science-tech/scientists-develop-ai-tool-predict-parkinsons-disease-onset?utm_source=reddit&utm_medium=social,30049929,False,t3_13d9sq9,892,False,Chemistry
13dl35k,"New laser-based breathalyzer powered by artificial intelligence sniffs out Covid, other diseases in real-time",geoxol,science,1017,0.93,39,2023-05-10 09:13:22,https://www.colorado.edu/today/2023/04/10/new-laser-based-breathalyzer-sniffs-out-covid-other-diseases-real-time,30049929,False,t3_13dl35k,1017,False,Engineering
13dji21,Patient M: The man who started seeing the world backwards after being shot in the head,Logibenq,science,1002,0.97,37,2023-05-10 07:36:12,https://english.elpais.com/science-tech/2023-05-10/patient-m-the-man-who-started-seeing-the-world-backwards-after-being-shot-in-the-head.html,30049929,False,t3_13dji21,1002,False,Neuroscience
13dbhd3,"Effect of nutrition in Alzheimer’s disease (AD): A systematic review by Chinese researchers suggests western diet pattern is a risk factor for developing AD. In contrast, the Mediterranean diet, ketogenic diet, and supplementation with omega-3 fatty acids and probiotics are protective factors.",sir-wiver,science,866,0.94,39,2023-05-10 00:42:50,https://www.frontiersin.org/articles/10.3389/fnins.2023.1147177/full,30049929,False,t3_13dbhd3,866,False,Health
13cybnt,OpenAI is working on a ChatGPT that'll pay you anytime it uses your content!,Mk_Makanaki,ChatGPT,768,0.97,166,2023-05-09 16:26:12,https://www.reddit.com/r/ChatGPT/comments/13cybnt/openai_is_working_on_a_chatgpt_thatll_pay_you/,1540596,False,t3_13cybnt,768,False,Other 
13da4gl,Programmers in 2023,wzgoody,ChatGPT,689,0.96,52,2023-05-09 23:43:31,https://i.redd.it/4k6u2xl17wya1.jpg,1540596,False,t3_13da4gl,689,False,Funny 
13dm29h,This is why I love ChatGPT: prompt saved me 20 minutes,henkvaness,ChatGPT,586,0.99,47,2023-05-10 10:06:52,https://i.redd.it/nihta9n8azya1.jpg,1540596,False,t3_13dm29h,586,True,Prompt engineering 
13dfwju,It do be like that,sharkymcstevenson2,ChatGPT,527,0.94,73,2023-05-10 04:14:27,https://i.redd.it/u4d9if8y0zya1.jpg,1540596,False,t3_13dfwju,527,False,Funny 
13de9z6,"Please just read the disclaimers, people.",The_Lovely_Blue_Faux,ChatGPT,461,0.92,115,2023-05-10 02:51:31,https://www.reddit.com/r/ChatGPT/comments/13de9z6/please_just_read_the_disclaimers_people/,1540596,False,t3_13de9z6,461,False,Educational Purpose Only 
13di1z7,"""Request for bro support""",MyRealIngIngAcc,ChatGPT,452,0.97,26,2023-05-10 06:12:35,https://i.redd.it/1u9zmlw0mzya1.jpg,1540596,False,t3_13di1z7,452,False,Funny 
13d2z0b,I used Chatgpt and created a website that shows the Bible with AI generated pictures,Sinainios,ChatGPT,388,0.74,214,2023-05-09 19:13:31,https://v.redd.it/62cxkhc1cwya1,1540596,False,t3_13d2z0b,388,False,Use cases 
13dk4th,ChatGPT 4 homework? Hard pass,EnvironmentOk3039,ChatGPT,457,0.86,142,2023-05-10 08:14:32,https://www.reddit.com/r/ChatGPT/comments/13dk4th/chatgpt_4_homework_hard_pass/,1540596,False,t3_13dk4th,457,False,Educational Purpose Only 
